employeeid,employeename,department_id,Emp_ID,Match,program_id,program_name,start_date,end_date,duration,trainer_name,cost,location,certificate_awarded,completion_status,feedback_score,technologies_covered,remarks,
873,Sara Kumar,DPT002,873,TRUE,395,Data Analysis Tools,2024-04-12 00:00:00,2024-12-06 00:00:00,7 days,Anahi Chakraborty,4546,Dewas,Yes,In Progress,3.5,"AWS, CCNA",Excellent grasp,
563,Zoya Badal,DPT002,563,TRUE,714,Cloud Development,2024-02-02 00:00:00,2025-03-28 00:00:00,1 days,Mannat Gola,2932,Varanasi,Yes,In Progress,4.4,"Azure, Power BI",Highly engaged,
392,Kimaya Mahajan,DPT003,392,TRUE,120,Cloud Development,2024-02-12 00:00:00,2024-12-13 00:00:00,8 days,Ehsaan Sachdeva,3316,Aizawl,Yes,Completed,3.8,"CCNA, Cisco Routers",Needs improvement,
675,Aaina Bumb,DPT004,675,TRUE,765,Advanced Networking,2024-03-07 00:00:00,2025-01-07 00:00:00,10 days,Sana Madan,3232,Kumbakonam,Yes,Completed,3.3,"AWS, Cisco Routers",Excellent grasp,
661,Advika Choudhary,DPT002,661,TRUE,842,Cloud Development,2024-08-06 00:00:00,2025-08-04 00:00:00,6 days,Sumer Dugar,2587,Nagpur,No,Completed,4.3,"CCNA, AWS",Needs improvement,
565,Vihaan Ganguly,DPT004,565,TRUE,736,Advanced Networking,2024-04-10 00:00:00,2025-09-01 00:00:00,7 days,Anay Shenoy,2079,Karimnagar,No,In Progress,3.9,"Azure, AWS",Highly engaged,
122,Anya Dhar,DPT001,122,TRUE,936,Advanced Networking,2024-08-07 00:00:00,2025-09-21 00:00:00,7 days,Neysa Chakraborty,3953,Orai,Yes,In Progress,4.7,"Cisco Routers, Azure",Highly engaged,
794,Charvi Mander,DPT001,794,TRUE,491,Data Analysis Tools,2024-08-13 00:00:00,2025-01-21 00:00:00,5 days,Kaira Gill,1148,Farrukhabad,No,In Progress,4.9,"CCNA, Azure",Needs improvement,
929,Hridaan Master,DPT002,929,TRUE,72,Cybersecurity Fundamentals,2024-03-01 00:00:00,2025-10-06 00:00:00,7 days,Nirvaan Vig,2467,Chinsurah,No,Completed,3.7,"AWS, Cisco Routers",Needs improvement,
990,Hansh Das,DPT002,990,TRUE,958,Cybersecurity Fundamentals,2023-12-18 00:00:00,2025-02-06 00:00:00,10 days,Hiran Kulkarni,2703,Bulandshahr,No,Completed,3.2,"Cisco Routers, CCNA",Needs improvement,
350,Alisha Tandon,DPT001,350,TRUE,829,Cloud Development,2024-10-19 00:00:00,2025-09-09 00:00:00,2 days,Akarsh Goda,4670,Chandrapur,Yes,Completed,4.3,"Azure, CCNA",Needs improvement,
108,Saanvi Sood,DPT002,108,TRUE,118,Cybersecurity Fundamentals,2024-01-08 00:00:00,2025-09-18 00:00:00,8 days,Onkar Rau,2586,Vadodara,No,In Progress,3.4,"Cisco Routers, Azure",Highly engaged,
580,Zaina Krish,DPT002,580,TRUE,227,Cloud Development,2024-08-02 00:00:00,2025-05-05 00:00:00,4 days,Ahana  Bala,2969,Ichalkaranji,Yes,In Progress,4.1,"AWS, CCNA",Excellent grasp,
855,Kartik Ganesan,DPT003,855,TRUE,247,Cloud Development,2024-11-04 00:00:00,2025-05-11 00:00:00,6 days,Jhanvi Baral,3519,Sri Ganganagar,No,Completed,4.7,"Azure, CCNA",Excellent grasp,
132,Mohanlal Kumar,DPT002,132,TRUE,840,Advanced Networking,2024-03-27 00:00:00,2025-01-02 00:00:00,6 days,Yuvraj  Wason,2269,Bahraich,Yes,Completed,3.4,"Power BI, CCNA",Highly engaged,
616,Riaan Randhawa,DPT002,616,TRUE,480,Data Analysis Tools,2024-07-24 00:00:00,2025-01-17 00:00:00,5 days,Aaina Ramachandran,2352,Mango,No,In Progress,3.2,"CCNA, Power BI",Excellent grasp,
871,Vihaan Vig,DPT004,871,TRUE,904,Data Analysis Tools,2024-07-21 00:00:00,2025-02-28 00:00:00,2 days,Vritika Agrawal,3053,Chapra,No,Completed,4.4,"AWS, Cisco Routers",Needs improvement,
578,Eva Sarraf,DPT002,578,TRUE,316,Cloud Development,2024-02-23 00:00:00,2025-06-07 00:00:00,3 days,Charvi Bhagat,2848,Aligarh,No,Completed,3.6,"Power BI, Cisco Routers",Needs improvement,
884,Dhruv Varghese,DPT004,884,TRUE,975,Advanced Networking,2024-02-16 00:00:00,2025-09-03 00:00:00,5 days,Nitya Gera,3233,Dibrugarh,No,In Progress,3.9,"Power BI, Cisco Routers",Highly engaged,
675,Aaina Bumb,DPT004,675,TRUE,248,Data Analysis Tools,2024-03-26 00:00:00,2025-08-02 00:00:00,6 days,Rania Gill,4842,Gandhidham,Yes,Completed,3.8,"Azure, Power BI",Highly engaged,
661,Advika Choudhary,DPT002,661,TRUE,921,Cybersecurity Fundamentals,2024-07-01 00:00:00,2025-10-26 00:00:00,7 days,Onkar Soman,3767,Ghaziabad,Yes,In Progress,3.2,"Azure, AWS",Needs improvement,
565,Vihaan Ganguly,DPT004,565,TRUE,110,Data Analysis Tools,2023-12-18 00:00:00,2025-04-18 00:00:00,2 days,Neysa Mallick,4397,Vijayawada,No,Completed,3.6,"CCNA, Azure",Needs improvement,
122,Anya Dhar,DPT001,122,TRUE,193,Data Analysis Tools,2024-01-10 00:00:00,2024-12-07 00:00:00,8 days,Reyansh Rout,3165,Tiruppur,Yes,Completed,4.6,"AWS, CCNA",Excellent grasp,
794,Charvi Mander,DPT001,794,TRUE,428,Cloud Development,2024-08-16 00:00:00,2025-09-07 00:00:00,9 days,Rania Gandhi,3874,Bhagalpur,No,In Progress,4.9,"Power BI, AWS",Excellent grasp,
929,Hridaan Master,DPT002,929,TRUE,327,Advanced Networking,2023-12-12 00:00:00,2025-04-12 00:00:00,5 days,Kanav Sinha,1396,Bhavnagar,Yes,In Progress,3,"Azure, CCNA",Needs improvement,
143,Dharmajan Lal,DPT004,143,TRUE,213,Advanced Networking,2024-03-03 00:00:00,2025-07-22 00:00:00,8 days,Aaryahi Jain,4585,Ulhasnagar,Yes,Completed,4.7,"Cisco Routers, Power BI",Highly engaged,
253,Miraya Mahal,DPT001,253,TRUE,637,Cybersecurity Fundamentals,2024-01-23 00:00:00,2025-06-16 00:00:00,4 days,Zaina Gour,2155,Agra,No,Completed,4.6,"Cisco Routers, AWS",Needs improvement,
903,Hridaan Divan,DPT004,903,TRUE,185,Cloud Development,2024-02-19 00:00:00,2025-06-13 00:00:00,6 days,Kabir Bora,2275,Bhilai,Yes,Completed,3.8,"AWS, CCNA",Excellent grasp,
672,Anika Subramaniam,DPT004,672,TRUE,646,Cloud Development,2024-09-11 00:00:00,2025-04-03 00:00:00,6 days,Kabir Char,3740,Sonipat,Yes,Completed,4,"Cisco Routers, Azure",Highly engaged,
241,Jayan Ramachandran,DPT003,241,TRUE,590,Cloud Development,2024-02-21 00:00:00,2025-02-27 00:00:00,2 days,Amira Mane,2561,Sambhal,No,Completed,3.8,"Cisco Routers, Power BI",Needs improvement,
671,Shamik Bhardwaj,DPT003,671,TRUE,112,Cloud Development,2023-12-11 00:00:00,2025-06-29 00:00:00,8 days,Divit Thaman,2103,Karnal,No,Completed,3.7,"CCNA, Cisco Routers",Excellent grasp,
999,Ishita Dhaliwal,DPT001,999,TRUE,857,Data Analysis Tools,2024-04-03 00:00:00,2025-01-17 00:00:00,10 days,Mannat Yogi,1245,Bathinda,No,Completed,3.6,"AWS, CCNA",Excellent grasp,
344,Seher Kara,DPT001,344,TRUE,475,Cybersecurity Fundamentals,2023-12-07 00:00:00,2025-08-26 00:00:00,1 days,Anay Singhal,2327,Berhampore,No,In Progress,4.5,"Cisco Routers, CCNA",Highly engaged,
753,Jayesh Bhatt,DPT004,753,TRUE,29,Cloud Development,2024-07-01 00:00:00,2025-03-20 00:00:00,5 days,Aaryahi Bhakta,1894,Pali,Yes,In Progress,4.8,"CCNA, Power BI",Needs improvement,
588,Kimaya Bhakta,DPT004,588,TRUE,430,Data Analysis Tools,2024-08-28 00:00:00,2025-07-22 00:00:00,4 days,Tara Thaman,2904,Siwan,No,Completed,3.5,"Azure, Power BI",Excellent grasp,
402,Elakshi Tailor,DPT004,402,TRUE,863,Data Analysis Tools,2024-01-28 00:00:00,2025-05-23 00:00:00,10 days,Samaira Chakraborty,4387,Narasaraopet,No,In Progress,4.8,"AWS, Azure",Needs improvement,
324,Madhav Shankar,DPT001,324,TRUE,649,Data Analysis Tools,2024-04-29 00:00:00,2025-01-23 00:00:00,5 days,Ranbir Kapur,3151,Bharatpur,Yes,In Progress,3.7,"Azure, AWS",Needs improvement,
195,Anvi Jayaraman,DPT003,195,TRUE,41,Advanced Networking,2024-10-27 00:00:00,2025-10-06 00:00:00,8 days,Aarav Sastry,1434,Lucknow,No,Completed,4.7,"AWS, Power BI",Excellent grasp,
457,Rhea Kothari,DPT003,457,TRUE,141,Advanced Networking,2024-06-15 00:00:00,2025-05-13 00:00:00,9 days,Aayush Loke,2627,Arrah,No,Completed,3.5,"AWS, CCNA",Needs improvement,
888,Zain Karan,DPT001,888,TRUE,57,Cloud Development,2024-02-16 00:00:00,2025-10-03 00:00:00,5 days,Krish Yogi,1052,Siliguri,No,In Progress,4.6,"CCNA, Cisco Routers",Needs improvement,
250,Armaan Baria,DPT003,250,TRUE,188,Cloud Development,2024-11-11 00:00:00,2025-09-06 00:00:00,5 days,Shalv Chaudhari,1765,Etawah,No,In Progress,3.6,"AWS, Cisco Routers",Needs improvement,
472,Aarav Tak,DPT004,472,TRUE,794,Cybersecurity Fundamentals,2024-05-29 00:00:00,2025-07-08 00:00:00,9 days,Tejas Deshpande,4708,Thoothukudi,Yes,In Progress,4.5,"Cisco Routers, Azure",Needs improvement,
938,Indrajit Chander,DPT002,938,TRUE,524,Cloud Development,2024-06-01 00:00:00,2025-04-15 00:00:00,4 days,Vedika Srinivasan,1511,Bhusawal,Yes,Completed,3.4,"Cisco Routers, CCNA",Needs improvement,
309,Aarush Mandal,DPT004,309,TRUE,413,Cloud Development,2024-06-03 00:00:00,2025-05-05 00:00:00,10 days,Shlok Sangha,2567,Sambhal,Yes,Completed,4,"AWS, Azure",Excellent grasp,
239,Pranay Kakar,DPT004,239,TRUE,856,Cybersecurity Fundamentals,2024-05-29 00:00:00,2025-11-06 00:00:00,8 days,Saksham Seshadri,2352,Sangli-Miraj & Kupwad,Yes,In Progress,4.4,"Power BI, AWS",Needs improvement,
635,Raunak Sarin,DPT003,635,TRUE,292,Advanced Networking,2024-08-10 00:00:00,2025-06-16 00:00:00,2 days,Lagan Bajwa,3026,Amravati,No,In Progress,4.7,"Power BI, Azure",Excellent grasp,
519,Jivin Hayre,DPT004,519,TRUE,766,Advanced Networking,2024-04-18 00:00:00,2025-02-03 00:00:00,1 days,Ira Chatterjee,3012,Phusro,No,Completed,4.5,"AWS, CCNA",Highly engaged,
983,Badal Khanna,DPT001,983,TRUE,301,Cybersecurity Fundamentals,2024-07-13 00:00:00,2025-04-11 00:00:00,1 days,Ehsaan Rau,3462,Khora ,Yes,In Progress,4.1,"Power BI, Azure",Needs improvement,
674,Mishti Khosla,DPT004,674,TRUE,739,Cybersecurity Fundamentals,2024-05-19 00:00:00,2025-04-01 00:00:00,8 days,Mamooty Grewal,2876,Bhiwandi,No,Completed,3,"CCNA, Azure",Excellent grasp,
562,Uthkarsh Cherian,DPT002,562,TRUE,373,Advanced Networking,2024-06-25 00:00:00,2025-09-17 00:00:00,2 days,Zara Sur,4841,Tiruvottiyur,No,In Progress,4.8,"CCNA, Power BI",Excellent grasp,
181,Nakul Batra,DPT004,181,TRUE,527,Data Analysis Tools,2024-05-26 00:00:00,2025-10-16 00:00:00,4 days,Mehul Vohra,3742,Gangtok,No,Completed,3.8,"Azure, Cisco Routers",Needs improvement,
657,Jhanvi Virk,DPT001,657,TRUE,281,Advanced Networking,2024-06-10 00:00:00,2025-09-22 00:00:00,10 days,Elakshi Ramanathan,2497,Tirunelveli,No,In Progress,4.5,"AWS, Power BI",Excellent grasp,
759,Umang Choudhry,DPT004,759,TRUE,801,Advanced Networking,2024-08-13 00:00:00,2025-02-15 00:00:00,9 days,Amani Savant,4599,Nashik,No,Completed,4.3,"Cisco Routers, Azure",Highly engaged,
710,Nirvaan Luthra,DPT001,710,TRUE,946,Advanced Networking,2024-05-09 00:00:00,2025-05-18 00:00:00,1 days,Manikya Sharma,2381,Bhatpara,Yes,In Progress,3.9,"AWS, CCNA",Needs improvement,
517,Mehul Shan,DPT004,517,TRUE,20,Cybersecurity Fundamentals,2024-02-29 00:00:00,2025-04-09 00:00:00,10 days,Himmat Kalita,3490,Dharmavaram,No,In Progress,3.1,"Power BI, Cisco Routers",Highly engaged,
569,Yashvi Ramakrishnan,DPT003,569,TRUE,278,Cybersecurity Fundamentals,2024-07-25 00:00:00,2025-07-23 00:00:00,3 days,Vihaan Ramachandran,2559,Dhule,Yes,Completed,5,"Cisco Routers, Power BI",Needs improvement,
596,Keya Wali,DPT001,596,TRUE,121,Advanced Networking,2024-10-16 00:00:00,2025-04-13 00:00:00,7 days,Divit Sekhon,2438,Gandhidham,Yes,In Progress,3.3,"Azure, Cisco Routers",Highly engaged,
998,Manikya Bala,DPT004,998,TRUE,319,Advanced Networking,2024-03-24 00:00:00,2025-07-15 00:00:00,9 days,Amani Arora,2395,Solapur,No,In Progress,3.3,"Cisco Routers, Power BI",Needs improvement,
264,Seher Hari,DPT003,264,TRUE,391,Cybersecurity Fundamentals,2024-07-29 00:00:00,2025-04-24 00:00:00,3 days,Uthkarsh Rajagopalan,1845,Kavali,Yes,Completed,4.1,"Azure, Power BI",Needs improvement,
675,Aaina Bumb,DPT004,675,TRUE,678,Cybersecurity Fundamentals,2024-08-23 00:00:00,2025-07-04 00:00:00,4 days,Tarini Goda,4283,Guwahati,No,In Progress,4.8,"AWS, Azure",Highly engaged,
661,Advika Choudhary,DPT002,661,TRUE,951,Cybersecurity Fundamentals,2023-11-30 00:00:00,2025-05-16 00:00:00,10 days,Shaan Chatterjee,2721,Amritsar,No,Completed,3,"AWS, Cisco Routers",Needs improvement,
565,Vihaan Ganguly,DPT004,565,TRUE,345,Cybersecurity Fundamentals,2024-05-06 00:00:00,2025-08-21 00:00:00,6 days,Tarini Tandon,4456,Medininagar,No,In Progress,4.8,"AWS, Cisco Routers",Excellent grasp,
122,Anya Dhar,DPT001,122,TRUE,106,Cloud Development,2024-10-29 00:00:00,2025-03-10 00:00:00,9 days,Shalv Garg,1004,Ranchi,Yes,In Progress,3.2,"CCNA, Cisco Routers",Excellent grasp,
794,Charvi Mander,DPT001,794,TRUE,952,Cloud Development,2024-05-31 00:00:00,2025-02-11 00:00:00,6 days,Faiyaz Sehgal,3802,Alwar,Yes,Completed,4.1,"Cisco Routers, Azure",Excellent grasp,
929,Hridaan Master,DPT002,929,TRUE,735,Cybersecurity Fundamentals,2023-12-23 00:00:00,2025-02-04 00:00:00,5 days,Anika Das,4015,Ulhasnagar,Yes,In Progress,4.2,"Cisco Routers, AWS",Needs improvement,
156,Piya Jaggi,DPT001,156,TRUE,505,Cloud Development,2024-10-09 00:00:00,2025-09-03 00:00:00,4 days,Lakshay Gill,2585,Sagar,No,In Progress,4.2,"Power BI, Azure",Needs improvement,
425,Seher Badami,DPT003,425,TRUE,773,Cloud Development,2024-07-14 00:00:00,2025-09-02 00:00:00,5 days,Shanaya Batra,4215,Thrissur,Yes,In Progress,3.6,"AWS, Cisco Routers",Needs improvement,
512,Zaina Handa,DPT003,512,TRUE,582,Cybersecurity Fundamentals,2024-02-12 00:00:00,2025-03-13 00:00:00,1 days,Zain Krish,2242,Panvel,No,Completed,3.1,"AWS, CCNA",Needs improvement,
651,Ryan Bassi,DPT002,651,TRUE,324,Cloud Development,2024-08-09 00:00:00,2025-06-28 00:00:00,10 days,Ojas Balay,3079,Bihar Sharif,Yes,Completed,4.6,"AWS, Power BI",Needs improvement,
297,Miraya Bains,DPT003,297,TRUE,497,Advanced Networking,2024-05-08 00:00:00,2025-04-05 00:00:00,1 days,Darshit Sankar,4987,Dehradun,Yes,Completed,5,"Power BI, CCNA",Needs improvement,
637,Kimaya Tara,DPT001,637,TRUE,593,Data Analysis Tools,2024-04-28 00:00:00,2025-10-21 00:00:00,10 days,Alia Viswanathan,2083,Saharanpur,No,Completed,3,"CCNA, Power BI",Highly engaged,
928,Shlok Chowdhury,DPT002,928,TRUE,932,Cloud Development,2024-04-13 00:00:00,2024-12-22 00:00:00,6 days,Shanaya Bora,2726,Korba,No,Completed,4.3,"Cisco Routers, AWS",Excellent grasp,
520,Krish Varughese,DPT003,520,TRUE,770,Data Analysis Tools,2024-08-15 00:00:00,2024-12-02 00:00:00,1 days,Neelofar Brar,2383,Dhule,No,Completed,5,"AWS, Azure",Highly engaged,
872,Kismat Goswami,DPT003,872,TRUE,312,Data Analysis Tools,2024-08-17 00:00:00,2025-11-03 00:00:00,1 days,Mahika Sarin,1570,Ghaziabad,No,In Progress,4.5,"Cisco Routers, Power BI",Excellent grasp,
229,Yasmin Varughese,DPT003,229,TRUE,78,Data Analysis Tools,2024-10-06 00:00:00,2025-04-14 00:00:00,8 days,Kabir Mand,1518,Bidar,No,Completed,3.6,"CCNA, Azure",Needs improvement,
337,Priyansh Walla,DPT003,337,TRUE,206,Data Analysis Tools,2024-10-16 00:00:00,2025-05-11 00:00:00,10 days,Kaira Krish,2303,Maheshtala,Yes,Completed,4.3,"CCNA, Cisco Routers",Highly engaged,
430,Ryan Gill,DPT001,430,TRUE,135,Data Analysis Tools,2024-10-05 00:00:00,2025-10-06 00:00:00,9 days,Saira Kalla,3119,Gangtok,No,In Progress,5,"Power BI, AWS",Excellent grasp,
233,Vanya Saha,DPT002,233,TRUE,351,Cloud Development,2024-01-06 00:00:00,2025-10-05 00:00:00,8 days,Ivana Halder,4618,Mumbai,Yes,In Progress,3.2,"AWS, Azure",Highly engaged,
100,Manikya Lall,DPT003,100,TRUE,254,Cybersecurity Fundamentals,2024-04-09 00:00:00,2025-03-06 00:00:00,3 days,Nishith Chaudry,4601,Siwan,Yes,In Progress,3.8,"Azure, Power BI",Highly engaged,
145,Nakul Bhatti,DPT003,145,TRUE,879,Cloud Development,2024-02-02 00:00:00,2025-02-02 00:00:00,1 days,Jayesh Bandi,2014,North Dumdum,No,In Progress,4.3,"Cisco Routers, AWS",Highly engaged,
880,Baiju Sastry,DPT002,880,TRUE,817,Cloud Development,2024-02-03 00:00:00,2025-08-18 00:00:00,1 days,Kavya Kumar,3894,Gopalpur,Yes,In Progress,3.9,"Azure, Cisco Routers",Excellent grasp,
826,Rasha Sama,DPT001,826,TRUE,622,Advanced Networking,2024-01-22 00:00:00,2025-04-14 00:00:00,1 days,Ojas Sachdeva,4955,Udaipur,No,Completed,4.1,"CCNA, Power BI",Needs improvement,
246,Aradhya Varty,DPT002,246,TRUE,933,Cloud Development,2024-07-13 00:00:00,2025-05-04 00:00:00,10 days,Dhruv Thakkar,4482,Raipur,Yes,Completed,4.8,"Power BI, Cisco Routers",Highly engaged,
831,Indrans Reddy,DPT002,831,TRUE,217,Data Analysis Tools,2024-01-24 00:00:00,2025-02-17 00:00:00,2 days,Lagan Wason,2810,Ujjain,Yes,In Progress,3.3,"Cisco Routers, CCNA",Excellent grasp,
942,Rasha Boase,DPT002,942,TRUE,959,Cloud Development,2024-05-27 00:00:00,2025-01-29 00:00:00,8 days,Jiya Kadakia,2616,Bidhannagar,Yes,In Progress,3.3,"Cisco Routers, Azure",Excellent grasp,
632,Shaan Varkey,DPT003,632,TRUE,311,Cybersecurity Fundamentals,2024-07-14 00:00:00,2025-06-24 00:00:00,2 days,Zoya Singh,1099,Adoni,Yes,Completed,3.6,"CCNA, AWS",Excellent grasp,
820,Ishaan Chowdhury,DPT004,820,TRUE,875,Advanced Networking,2024-05-07 00:00:00,2025-05-05 00:00:00,9 days,Ritvik Gopal,2908,Pimpri-Chinchwad,Yes,Completed,3.3,"Cisco Routers, Azure",Needs improvement,
783,Anahita Bakshi,DPT004,783,TRUE,102,Cloud Development,2023-11-25 00:00:00,2024-12-26 00:00:00,8 days,Kismat Saxena,4064,Dehri,No,Completed,4.8,"Azure, AWS",Excellent grasp,
704,Dharmajan Sekhon,DPT002,704,TRUE,190,Cloud Development,2024-07-11 00:00:00,2025-04-20 00:00:00,9 days,Heer Chand,1115,Dharmavaram,Yes,In Progress,3.4,"Azure, CCNA",Excellent grasp,
441,Devansh Loyal,DPT004,441,TRUE,537,Cybersecurity Fundamentals,2024-03-28 00:00:00,2025-05-06 00:00:00,9 days,Nakul Babu,3195,Mira-Bhayandar,Yes,In Progress,4.1,"Azure, Power BI",Highly engaged,
370,Saira Loyal,DPT004,370,TRUE,153,Data Analysis Tools,2024-01-05 00:00:00,2025-07-16 00:00:00,1 days,Hiran Khare,1692,Eluru,No,Completed,4.1,"AWS, Cisco Routers",Highly engaged,
262,Vaibhav Sidhu,DPT003,262,TRUE,523,Advanced Networking,2024-07-31 00:00:00,2025-07-06 00:00:00,4 days,Tiya Biswas,3723,Haldia,No,Completed,4.1,"CCNA, Power BI",Highly engaged,
624,Riaan Kunda,DPT003,624,TRUE,264,Cybersecurity Fundamentals,2024-07-25 00:00:00,2025-02-11 00:00:00,8 days,Khushi Virk,4483,Ongole,No,In Progress,3.8,"Power BI, Cisco Routers",Excellent grasp,
717,Oorja Mahajan,DPT004,717,TRUE,279,Data Analysis Tools,2024-11-12 00:00:00,2025-07-18 00:00:00,1 days,Biju Vora,3546,Silchar,Yes,Completed,3,"Azure, AWS",Needs improvement,
982,Ivana Tank,DPT001,982,TRUE,2,Advanced Networking,2023-11-20 00:00:00,2025-03-08 00:00:00,2 days,Kavya Kulkarni,2020,Gorakhpur,No,In Progress,4.5,"Azure, AWS",Excellent grasp,
719,Vaibhav Devi,DPT002,719,TRUE,971,Advanced Networking,2024-05-20 00:00:00,2025-10-15 00:00:00,1 days,Ojas Ray,4522,Agra,Yes,In Progress,4.6,"Power BI, Azure",Highly engaged,
341,Raghav Sastry,DPT001,341,TRUE,721,Cloud Development,2023-11-15 00:00:00,2024-11-17 00:00:00,10 days,Ryan Ramachandran,1259,Bulandshahr,No,Completed,3.1,"CCNA, Cisco Routers",Needs improvement,
693,Vedika Ratti,DPT002,693,TRUE,907,Advanced Networking,2024-01-25 00:00:00,2024-12-03 00:00:00,2 days,Baiju Baria,3642,Yamunanagar,Yes,In Progress,3.4,"Azure, CCNA",Excellent grasp,
728,Tanya Doctor,DPT002,728,TRUE,771,Cloud Development,2024-06-20 00:00:00,2025-01-19 00:00:00,2 days,Ahana  Gola,3176,Mango,No,In Progress,3.4,"AWS, CCNA",Excellent grasp,
502,Sahil Srinivas,DPT003,502,TRUE,27,Cybersecurity Fundamentals,2024-04-22 00:00:00,2025-02-08 00:00:00,4 days,Tushar Bahri,3379,Srikakulam,Yes,In Progress,3.3,"Power BI, Azure",Highly engaged,
111,Hiran Sidhu,DPT002,111,TRUE,724,Cybersecurity Fundamentals,2024-10-23 00:00:00,2024-12-21 00:00:00,3 days,Lagan Bawa,4813,Sultan Pur Majra,Yes,Completed,3.2,"Cisco Routers, AWS",Highly engaged,
194,Siya Dhingra,DPT004,194,TRUE,235,Cybersecurity Fundamentals,2024-01-26 00:00:00,2024-11-15 00:00:00,10 days,Anay Shere,1398,Dindigul,Yes,In Progress,4.4,"Azure, Power BI",Needs improvement,
595,Vivaan Shukla,DPT003,595,TRUE,170,Cybersecurity Fundamentals,2024-01-14 00:00:00,2025-10-17 00:00:00,2 days,Vardaniya Mand,1371,Katni,Yes,Completed,3,"Cisco Routers, CCNA",Excellent grasp,
953,Saksham Karpe,DPT002,953,TRUE,226,Data Analysis Tools,2024-01-24 00:00:00,2025-08-23 00:00:00,6 days,Aayush Contractor,3410,Kanpur,Yes,Completed,4.6,"Cisco Routers, CCNA",Highly engaged,
513,Khushi Walla,DPT001,513,TRUE,40,Data Analysis Tools,2024-05-14 00:00:00,2024-12-03 00:00:00,7 days,Rania Kapur,2795,Loni,Yes,Completed,3.2,"Cisco Routers, CCNA",Excellent grasp,
950,Hiran Baral,DPT001,950,TRUE,150,Cloud Development,2024-02-28 00:00:00,2025-01-12 00:00:00,5 days,Onkar Devan,3180,Tadepalligudem,No,Completed,3.5,"AWS, CCNA",Highly engaged,
789,Onkar Halder,DPT003,789,TRUE,129,Data Analysis Tools,2024-10-23 00:00:00,2025-02-06 00:00:00,4 days,Manikya Soman,1089,Gopalpur,Yes,Completed,4,"AWS, Cisco Routers",Excellent grasp,
958,Raghav Dani,DPT004,958,TRUE,164,Advanced Networking,2023-11-22 00:00:00,2025-05-29 00:00:00,3 days,Jayesh Hari,1347,Bidar,No,Completed,4.2,"Azure, Power BI",Excellent grasp,
948,Gokul Devan,DPT001,948,TRUE,719,Cybersecurity Fundamentals,2024-01-31 00:00:00,2024-12-18 00:00:00,6 days,Alisha Ravi,1433,Serampore,Yes,Completed,4.4,"Power BI, AWS",Excellent grasp,
525,Dhruv Tella,DPT002,525,TRUE,347,Cybersecurity Fundamentals,2023-11-28 00:00:00,2025-05-08 00:00:00,7 days,Aradhya Sura,4256,Katihar,No,Completed,4.8,"CCNA, Cisco Routers",Needs improvement,
291,Fateh Deep,DPT003,291,TRUE,26,Advanced Networking,2024-07-04 00:00:00,2025-03-11 00:00:00,10 days,Zain Aggarwal,1238,Tirunelveli,No,In Progress,4.2,"CCNA, Cisco Routers",Highly engaged,
533,Kavya Verma,DPT004,533,TRUE,995,Cybersecurity Fundamentals,2024-11-14 00:00:00,2025-07-22 00:00:00,2 days,Lagan Bail,4946,Ramagundam,Yes,In Progress,3.2,"Power BI, AWS",Needs improvement,
919,Zaina Rastogi,DPT001,919,TRUE,699,Data Analysis Tools,2024-04-10 00:00:00,2025-04-15 00:00:00,3 days,Parinaaz Bath,2631,Thrissur,No,Completed,4.6,"CCNA, Power BI",Excellent grasp,
963,Ehsaan Dash,DPT001,963,TRUE,564,Advanced Networking,2024-06-27 00:00:00,2025-11-03 00:00:00,6 days,Taran Borde,4947,Amroha,Yes,Completed,3.8,"Power BI, Azure",Excellent grasp,
860,Jiya Kumar,DPT004,860,TRUE,332,Cybersecurity Fundamentals,2024-05-27 00:00:00,2025-04-12 00:00:00,9 days,Hansh Jaggi,3148,Rajahmundry,Yes,Completed,4.3,"Cisco Routers, Azure",Excellent grasp,
693,Vedika Ratti,DPT002,693,TRUE,611,Advanced Networking,2024-04-05 00:00:00,2025-02-09 00:00:00,9 days,Nishith Kurian,3127,Kolhapur,No,In Progress,3.1,"CCNA, Power BI",Needs improvement,
728,Tanya Doctor,DPT002,728,TRUE,977,Data Analysis Tools,2024-02-03 00:00:00,2025-10-10 00:00:00,10 days,Heer Gole,1960,Nandyal,Yes,In Progress,4.3,"AWS, Power BI",Needs improvement,
502,Sahil Srinivas,DPT003,502,TRUE,878,Cloud Development,2024-10-26 00:00:00,2024-12-08 00:00:00,1 days,Pihu Singh,3042,Guwahati,Yes,In Progress,3.7,"CCNA, Azure",Needs improvement,
981,Indranil Bandi,DPT002,981,TRUE,221,Data Analysis Tools,2024-11-02 00:00:00,2025-03-25 00:00:00,4 days,Saanvi D’Alia,2028,Jalgaon,Yes,In Progress,4.6,"Power BI, CCNA",Excellent grasp,
778,Shray Chauhan,DPT001,778,TRUE,558,Advanced Networking,2024-02-06 00:00:00,2025-08-15 00:00:00,7 days,Mishti Sule,1979,Gopalpur,Yes,Completed,3.8,"AWS, Azure",Needs improvement,
370,Saira Loyal,DPT004,370,TRUE,531,Cloud Development,2024-10-09 00:00:00,2025-02-13 00:00:00,1 days,Oorja Krishna,4999,Saharsa,Yes,Completed,3.4,"AWS, CCNA",Excellent grasp,
262,Vaibhav Sidhu,DPT003,262,TRUE,492,Advanced Networking,2024-05-25 00:00:00,2024-12-13 00:00:00,9 days,Kanav Arora,1480,Visakhapatnam,No,Completed,4.3,"Azure, CCNA",Excellent grasp,
624,Riaan Kunda,DPT003,624,TRUE,874,Advanced Networking,2024-07-10 00:00:00,2025-08-26 00:00:00,10 days,Samar D’Alia,2679,Mysore,Yes,Completed,4.4,"Power BI, Cisco Routers",Needs improvement,
717,Oorja Mahajan,DPT004,717,TRUE,919,Advanced Networking,2024-10-30 00:00:00,2024-12-12 00:00:00,10 days,Mannat Ahluwalia,3587,Dharmavaram,Yes,In Progress,3.4,"Cisco Routers, Azure",Excellent grasp,
982,Ivana Tank,DPT001,982,TRUE,321,Cloud Development,2024-09-10 00:00:00,2025-05-14 00:00:00,6 days,Zain Chacko,1662,Jaunpur,No,In Progress,3.9,"AWS, Azure",Highly engaged,
719,Vaibhav Devi,DPT002,719,TRUE,468,Cloud Development,2024-10-04 00:00:00,2025-06-14 00:00:00,9 days,Mohanlal Master,4896,Thane,Yes,In Progress,3.8,"CCNA, Cisco Routers",Highly engaged,
341,Raghav Sastry,DPT001,341,TRUE,627,Cybersecurity Fundamentals,2024-05-28 00:00:00,2025-09-08 00:00:00,5 days,Jayant Madan,4969,Bhopal,No,In Progress,4,"AWS, Cisco Routers",Highly engaged,
693,Vedika Ratti,DPT002,693,TRUE,789,Cloud Development,2024-03-29 00:00:00,2025-03-19 00:00:00,10 days,Mishti Soman,4542,Tiruppur,No,In Progress,3.9,"AWS, Azure",Highly engaged,
728,Tanya Doctor,DPT002,728,TRUE,349,Data Analysis Tools,2024-11-04 00:00:00,2024-12-20 00:00:00,6 days,Nayantara Shenoy,1330,Rajkot,Yes,In Progress,3.7,"Cisco Routers, AWS",Excellent grasp,
502,Sahil Srinivas,DPT003,502,TRUE,169,Cloud Development,2024-08-08 00:00:00,2025-03-31 00:00:00,5 days,Anahi Ramaswamy,3578,Kochi,Yes,Completed,4.3,"Power BI, Cisco Routers",Highly engaged,
111,Hiran Sidhu,DPT002,111,TRUE,703,Cybersecurity Fundamentals,2024-01-26 00:00:00,2025-07-19 00:00:00,2 days,Hrishita Grover,4569,Sagar,No,Completed,4,"Power BI, CCNA",Needs improvement,
911,Madhav Ben,DPT002,911,TRUE,14,Advanced Networking,2024-11-10 00:00:00,2025-10-14 00:00:00,8 days,Bhamini Saha,1391,Guna,No,In Progress,4,"AWS, CCNA",Needs improvement,
272,Kanav Dalal,DPT002,272,TRUE,712,Cybersecurity Fundamentals,2024-08-16 00:00:00,2025-10-21 00:00:00,6 days,Rania Hari,4896,Barasat,Yes,Completed,3.5,"Cisco Routers, CCNA",Needs improvement,
431,Jiya Dave,DPT003,431,TRUE,925,Cybersecurity Fundamentals,2024-01-04 00:00:00,2025-09-14 00:00:00,3 days,Badal Seth,1118,Giridih,Yes,Completed,3.9,"AWS, Azure",Highly engaged,
786,Nishith Sastry,DPT002,786,TRUE,895,Advanced Networking,2024-01-10 00:00:00,2025-03-07 00:00:00,7 days,Charvi Khalsa,4078,Machilipatnam,Yes,Completed,4.4,"Azure, CCNA",Excellent grasp,
941,Trisha Kalita,DPT003,941,TRUE,438,Cybersecurity Fundamentals,2024-05-06 00:00:00,2025-01-04 00:00:00,8 days,Sahil Sami,1546,Chandigarh,Yes,In Progress,3,"AWS, Azure",Excellent grasp,
856,Divit Wadhwa,DPT003,856,TRUE,805,Cybersecurity Fundamentals,2024-06-07 00:00:00,2025-01-14 00:00:00,4 days,Sumer Bandi,4031,Panihati,No,In Progress,3.1,"Azure, AWS",Needs improvement,
769,Tiya Chaudry,DPT001,769,TRUE,830,Cybersecurity Fundamentals,2024-05-26 00:00:00,2025-04-10 00:00:00,9 days,Himmat Yogi,1670,Hosur,No,Completed,3.1,"CCNA, Cisco Routers",Highly engaged,
575,Neysa Sahota,DPT001,575,TRUE,745,Cybersecurity Fundamentals,2024-07-26 00:00:00,2025-11-12 00:00:00,2 days,Mishti Atwal,2898,Uluberia,No,Completed,4.7,"Azure, AWS",Excellent grasp,
813,Sara Vohra,DPT001,813,TRUE,418,Advanced Networking,2024-04-17 00:00:00,2025-03-29 00:00:00,2 days,Nirvi Sarraf,4043,Jodhpur,No,In Progress,4.9,"Azure, CCNA",Highly engaged,
659,Shamik Wali,DPT004,659,TRUE,513,Advanced Networking,2024-07-03 00:00:00,2024-11-24 00:00:00,3 days,Vaibhav Amble,2578,Jamalpur,Yes,Completed,4,"CCNA, Cisco Routers",Needs improvement,
593,Sara Sibal,DPT001,593,TRUE,539,Cloud Development,2024-04-16 00:00:00,2025-05-27 00:00:00,10 days,Elakshi Bava,3869,Tezpur,No,Completed,3.2,"AWS, Power BI",Needs improvement,
686,Akarsh Chada,DPT001,686,TRUE,275,Cybersecurity Fundamentals,2024-04-13 00:00:00,2025-07-18 00:00:00,10 days,Shayak Hayre,1674,Guna,No,In Progress,4.7,"AWS, Azure",Needs improvement,
558,Jhanvi Sidhu,DPT002,558,TRUE,402,Cloud Development,2024-11-09 00:00:00,2025-06-19 00:00:00,9 days,Nirvaan Kaur,3698,Mysore,No,In Progress,4.7,"Cisco Routers, Power BI",Highly engaged,
515,Farhan Walla,DPT002,515,TRUE,644,Data Analysis Tools,2024-01-16 00:00:00,2025-04-02 00:00:00,2 days,Eshani Sathe,3524,Gulbarga,No,In Progress,3.6,"Cisco Routers, CCNA",Highly engaged,
422,Rhea Kala,DPT003,422,TRUE,54,Cloud Development,2024-06-02 00:00:00,2024-12-04 00:00:00,10 days,Trisha Arya,4071,Gurgaon,Yes,In Progress,3.1,"Azure, AWS",Excellent grasp,
723,Ishaan Arya,DPT001,723,TRUE,764,Cybersecurity Fundamentals,2024-04-06 00:00:00,2025-03-24 00:00:00,8 days,Siya Dayal,4158,Tiruvottiyur,Yes,Completed,3.5,"CCNA, Cisco Routers",Highly engaged,
263,Keya Hayre,DPT004,263,TRUE,917,Cybersecurity Fundamentals,2024-06-30 00:00:00,2025-07-23 00:00:00,3 days,Samiha Hayer,1591,Munger,Yes,In Progress,3.4,"Azure, CCNA",Excellent grasp,
155,Hrishita Kant,DPT002,155,TRUE,642,Cybersecurity Fundamentals,2024-02-19 00:00:00,2025-02-09 00:00:00,2 days,Shalv Subramanian,2638,Mysore,Yes,In Progress,3.6,"Cisco Routers, Azure",Excellent grasp,
768,Prerak Kannan,DPT002,768,TRUE,360,Cloud Development,2024-01-04 00:00:00,2025-01-26 00:00:00,7 days,Vardaniya Dugal,4800,Srikakulam,Yes,Completed,4.1,"Cisco Routers, CCNA",Needs improvement,
370,Saira Loyal,DPT004,370,TRUE,334,Advanced Networking,2024-04-11 00:00:00,2025-04-24 00:00:00,5 days,Nitya Saran,3921,Gwalior,Yes,In Progress,3.9,"CCNA, Cisco Routers",Needs improvement,
262,Vaibhav Sidhu,DPT003,262,TRUE,940,Advanced Networking,2024-08-20 00:00:00,2025-07-19 00:00:00,4 days,Heer Kapoor,3354,Bhopal,Yes,Completed,3.1,"Power BI, AWS",Needs improvement,
624,Riaan Kunda,DPT003,624,TRUE,367,Cybersecurity Fundamentals,2023-12-05 00:00:00,2025-08-18 00:00:00,3 days,Indrajit Samra,3129,Kolhapur,Yes,Completed,4.7,"Power BI, Azure",Excellent grasp,
717,Oorja Mahajan,DPT004,717,TRUE,568,Cloud Development,2023-12-18 00:00:00,2025-01-17 00:00:00,10 days,Vidur Wason,3200,Jaunpur,Yes,In Progress,3.3,"CCNA, Cisco Routers",Excellent grasp,
982,Ivana Tank,DPT001,982,TRUE,234,Data Analysis Tools,2024-07-25 00:00:00,2025-10-14 00:00:00,3 days,Hrishita Basak,1433,Mahbubnagar,Yes,Completed,3.7,"Cisco Routers, Azure",Excellent grasp,
719,Vaibhav Devi,DPT002,719,TRUE,845,Data Analysis Tools,2024-08-14 00:00:00,2025-11-01 00:00:00,1 days,Trisha Chahal,1548,Noida,No,Completed,4.4,"Azure, Power BI",Highly engaged,
341,Raghav Sastry,DPT001,341,TRUE,549,Data Analysis Tools,2024-04-01 00:00:00,2025-06-15 00:00:00,5 days,Akarsh Lal,1961,Dindigul,Yes,Completed,3.1,"Power BI, Azure",Highly engaged,
693,Vedika Ratti,DPT002,693,TRUE,444,Cloud Development,2024-04-29 00:00:00,2025-05-28 00:00:00,7 days,Azad Warrior,3364,Khammam,No,In Progress,4.6,"AWS, Power BI",Excellent grasp,
728,Tanya Doctor,DPT002,728,TRUE,496,Data Analysis Tools,2024-04-26 00:00:00,2025-04-07 00:00:00,10 days,Indrans Ramachandran,2137,Sambalpur,Yes,In Progress,4.7,"AWS, Azure",Highly engaged,
502,Sahil Srinivas,DPT003,502,TRUE,363,Data Analysis Tools,2024-03-19 00:00:00,2025-08-15 00:00:00,6 days,Kiaan Konda,2134,Vijayawada,No,In Progress,3.6,"Azure, AWS",Needs improvement,
111,Hiran Sidhu,DPT002,111,TRUE,673,Cloud Development,2024-02-19 00:00:00,2025-01-28 00:00:00,2 days,Kanav Setty,4959,Asansol,Yes,Completed,4.9,"Cisco Routers, Azure",Needs improvement,
879,Mohanlal Borah,DPT003,879,TRUE,990,Cloud Development,2024-08-13 00:00:00,2025-06-08 00:00:00,7 days,Trisha Madan,3552,Bhatpara,No,In Progress,3.5,"Cisco Routers, Azure",Highly engaged,
429,Piya Deo,DPT001,429,TRUE,271,Cloud Development,2023-12-19 00:00:00,2025-03-30 00:00:00,6 days,Tushar Reddy,3842,Shimla,Yes,In Progress,4.9,"AWS, CCNA",Excellent grasp,
801,Romil Mann,DPT003,801,TRUE,950,Cybersecurity Fundamentals,2024-07-11 00:00:00,2025-08-14 00:00:00,5 days,Anaya Thaker,3668,Erode,No,Completed,3.5,"Power BI, CCNA",Needs improvement,
813,Sara Vohra,DPT001,813,TRUE,540,Cybersecurity Fundamentals,2023-12-17 00:00:00,2025-11-10 00:00:00,10 days,Anay Chandra,2927,Bongaigaon,Yes,In Progress,4.4,"CCNA, Power BI",Highly engaged,
659,Shamik Wali,DPT004,659,TRUE,392,Cloud Development,2023-12-26 00:00:00,2025-02-17 00:00:00,5 days,Darshit Hegde,4307,Bhagalpur,Yes,In Progress,3.1,"CCNA, Power BI",Needs improvement,
593,Sara Sibal,DPT001,593,TRUE,511,Advanced Networking,2024-09-16 00:00:00,2024-12-02 00:00:00,1 days,Nirvaan Chhabra,1607,Akola,Yes,Completed,3.6,"AWS, Power BI",Needs improvement,
686,Akarsh Chada,DPT001,686,TRUE,85,Cloud Development,2024-07-20 00:00:00,2025-06-26 00:00:00,7 days,Manikya Bhalla,4205,Kalyan-Dombivli,Yes,In Progress,3.7,"Azure, CCNA",Needs improvement,
558,Jhanvi Sidhu,DPT002,558,TRUE,796,Cloud Development,2024-01-20 00:00:00,2025-08-08 00:00:00,6 days,Zeeshan Lall,2953,Satara,No,In Progress,3.9,"Azure, CCNA",Excellent grasp,
515,Farhan Walla,DPT002,515,TRUE,262,Advanced Networking,2024-02-06 00:00:00,2025-10-26 00:00:00,9 days,Yuvaan Sharaf,1457,Warangal,No,In Progress,3.2,"Power BI, CCNA",Excellent grasp,
977,Manikya Shenoy,DPT001,977,TRUE,465,Cloud Development,2024-05-02 00:00:00,2025-04-19 00:00:00,9 days,Zeeshan Kashyap,1424,Munger,No,Completed,3.4,"Power BI, Azure",Excellent grasp,
917,Jivika Ramakrishnan,DPT002,917,TRUE,634,Data Analysis Tools,2024-07-23 00:00:00,2025-06-11 00:00:00,9 days,Navya Atwal,2573,Jabalpur,No,In Progress,4.5,"Power BI, Cisco Routers",Highly engaged,
320,Bhamini Sule,DPT002,320,TRUE,128,Advanced Networking,2024-10-06 00:00:00,2025-11-05 00:00:00,6 days,Miraan Sani,1759,Pudukkottai,Yes,In Progress,3.9,"Cisco Routers, CCNA",Needs improvement,
636,Alia Hayre,DPT003,636,TRUE,184,Advanced Networking,2024-05-03 00:00:00,2025-06-07 00:00:00,8 days,Stuvan Thaman,3021,Dhanbad,No,In Progress,3.2,"CCNA, Power BI",Excellent grasp,
216,Alisha Konda,DPT002,216,TRUE,710,Cybersecurity Fundamentals,2024-01-19 00:00:00,2025-01-21 00:00:00,6 days,Shaan Shah,2974,Gurgaon,No,Completed,4.8,"AWS, Power BI",Highly engaged,
731,Yashvi Brahmbhatt,DPT003,731,TRUE,532,Cloud Development,2024-09-09 00:00:00,2024-12-16 00:00:00,9 days,Faiyaz Subramaniam,4570,Pondicherry,Yes,In Progress,4.3,"AWS, Power BI",Highly engaged,
334,Trisha Bhat,DPT003,334,TRUE,729,Advanced Networking,2024-04-15 00:00:00,2025-03-04 00:00:00,10 days,Diya Chacko,1257,Farrukhabad,Yes,Completed,3.2,"Azure, AWS",Highly engaged,
737,Aaryahi Devan,DPT002,737,TRUE,630,Advanced Networking,2024-06-05 00:00:00,2024-12-30 00:00:00,7 days,Yuvaan Chhabra,2509,Surendranagar Dudhrej,Yes,In Progress,4.7,"AWS, Azure",Excellent grasp,
182,Nayantara Dugal,DPT003,182,TRUE,365,Cloud Development,2024-03-05 00:00:00,2025-07-12 00:00:00,5 days,Rania Konda,1310,Eluru,Yes,Completed,3.7,"Power BI, CCNA",Needs improvement,
897,Ishita Edwin,DPT001,897,TRUE,163,Cloud Development,2023-12-25 00:00:00,2025-03-21 00:00:00,8 days,Hiran Gala,4420,Surendranagar Dudhrej,Yes,In Progress,3.5,"AWS, Cisco Routers",Highly engaged,
576,Bhavin Hari,DPT003,576,TRUE,806,Cloud Development,2024-01-25 00:00:00,2025-06-19 00:00:00,5 days,Rohan Dube,2168,Jamalpur,No,In Progress,3.5,"AWS, Power BI",Excellent grasp,
471,Stuvan Dixit,DPT003,471,TRUE,609,Cloud Development,2024-09-15 00:00:00,2025-02-28 00:00:00,1 days,Samarth Gera,1306,Aizawl,Yes,In Progress,4.6,"CCNA, Azure",Needs improvement,
455,Tushar Dalal,DPT003,455,TRUE,580,Cloud Development,2024-05-03 00:00:00,2025-08-06 00:00:00,5 days,Hiran Din,4919,Saharanpur,No,In Progress,3.6,"AWS, Cisco Routers",Highly engaged,
923,Yuvaan Chand,DPT004,923,TRUE,756,Data Analysis Tools,2024-07-30 00:00:00,2024-12-15 00:00:00,5 days,Advika Choudhry,3342,Visakhapatnam,Yes,Completed,3.5,"AWS, Power BI",Excellent grasp,
980,Kismat Baria,DPT001,980,TRUE,768,Data Analysis Tools,2024-07-24 00:00:00,2025-06-07 00:00:00,7 days,Shamik Bhatnagar,2904,Thrissur,No,In Progress,4,"Power BI, CCNA",Needs improvement,
650,Eva Bhandari,DPT002,650,TRUE,313,Cybersecurity Fundamentals,2024-09-24 00:00:00,2025-11-03 00:00:00,8 days,Seher Date,3852,Sangli-Miraj & Kupwad,No,Completed,4.1,"Azure, CCNA",Needs improvement,
375,Aarna Arora,DPT002,375,TRUE,289,Cloud Development,2024-08-02 00:00:00,2025-02-27 00:00:00,6 days,Seher Yohannan,3767,Vijayawada,Yes,In Progress,3.1,"AWS, Azure",Needs improvement,
747,Ela Thakkar,DPT004,747,TRUE,892,Cloud Development,2024-03-13 00:00:00,2025-10-31 00:00:00,6 days,Aaina Sachdeva,3870,Morbi,No,In Progress,4.9,"Power BI, CCNA",Highly engaged,
127,Vritika Sachdev,DPT001,127,TRUE,359,Cloud Development,2024-07-24 00:00:00,2024-12-10 00:00:00,7 days,Dhanush Gade,3616,Kolkata,No,Completed,3.1,"CCNA, Cisco Routers",Needs improvement,
370,Saira Loyal,DPT004,370,TRUE,377,Cybersecurity Fundamentals,2024-04-25 00:00:00,2024-12-17 00:00:00,5 days,Neysa Ben,2744,Dewas,Yes,Completed,4.3,"AWS, Power BI",Highly engaged,
262,Vaibhav Sidhu,DPT003,262,TRUE,920,Cloud Development,2024-02-16 00:00:00,2025-09-11 00:00:00,3 days,Saira Sha,2447,Ahmedabad,No,Completed,3.6,"Azure, Cisco Routers",Needs improvement,
624,Riaan Kunda,DPT003,624,TRUE,797,Data Analysis Tools,2024-04-02 00:00:00,2024-11-18 00:00:00,8 days,Indrajit Bains,4956,Patiala,Yes,Completed,3.3,"AWS, Azure",Excellent grasp,
717,Oorja Mahajan,DPT004,717,TRUE,575,Cloud Development,2024-10-01 00:00:00,2025-01-08 00:00:00,3 days,Yakshit Sule,2415,Malda,No,In Progress,3.6,"CCNA, AWS",Highly engaged,
982,Ivana Tank,DPT001,982,TRUE,868,Cloud Development,2024-01-13 00:00:00,2025-02-27 00:00:00,8 days,Ayesha Iyer,4353,Meerut,No,Completed,3.9,"Cisco Routers, CCNA",Excellent grasp,
719,Vaibhav Devi,DPT002,719,TRUE,209,Cloud Development,2024-02-07 00:00:00,2025-08-02 00:00:00,10 days,Lakshit Sridhar,3165,Mehsana,No,Completed,3.3,"Azure, Power BI",Excellent grasp,
341,Raghav Sastry,DPT001,341,TRUE,427,Cybersecurity Fundamentals,2024-08-16 00:00:00,2025-09-28 00:00:00,3 days,Chirag Dutta,1614,Udaipur,No,Completed,3.2,"Power BI, CCNA",Excellent grasp,
693,Vedika Ratti,DPT002,693,TRUE,490,Cloud Development,2024-06-13 00:00:00,2024-12-11 00:00:00,7 days,Kimaya Brar,2121,Tinsukia,Yes,In Progress,3.1,"CCNA, Cisco Routers",Highly engaged,
728,Tanya Doctor,DPT002,728,TRUE,15,Advanced Networking,2024-01-17 00:00:00,2025-03-08 00:00:00,4 days,Zain Gera,4326,Nagercoil,No,In Progress,4.1,"Power BI, Azure",Needs improvement,
502,Sahil Srinivas,DPT003,502,TRUE,457,Cybersecurity Fundamentals,2024-02-09 00:00:00,2025-01-30 00:00:00,6 days,Vihaan Devan,3864,Ambala,No,Completed,4.2,"CCNA, Azure",Excellent grasp,
111,Hiran Sidhu,DPT002,111,TRUE,653,Cloud Development,2024-05-12 00:00:00,2025-01-30 00:00:00,1 days,Pranay Guha,1268,Bhusawal,No,Completed,4.1,"CCNA, Cisco Routers",Excellent grasp,
